Dataset,Model,Setting,TCA,ECA,TBA,EBA
CiteSeer,GCN,With Backdoor,64.77462649,68.53088737,20.30075192,9.022556245
CiteSeer,GCN,With Backdoor,64.77462649,68.53088737,20.30075192,9.022556245
CiteSeer,GCN,Without Backdoor,71.45242095,69.61602569,69.17293072,65.41353464
CiteSeer,GAT,With Backdoor,68.11352372,67.19532609,28.57142985,8.270676434
CiteSeer,GAT,Without Backdoor,72.37061858,69.44907904,70.67669034,69.92481351
CiteSeer,GraphSAGE,With Backdoor,71.70283794,70.86811066,22.55639136,15.78947306
CiteSeer,GraphSAGE,Without Backdoor,74.62437153,71.53589129,73.68420959,71.42857313