Dataset,Model,Setting,TCA,ECA,TBA,EBA
Cora,GAT,With Backdoor,73.97540808,81.65983558,4.629629478,4.629629478
Cora,GAT,Without Backdoor,79.30327654,79.50819731,77.7777791,83.33333135
Cora,GCN,With Backdoor,77.76639462,82.17213154,5.555555597,9.259258956
Cora,GCN,Without Backdoor,82.78688788,84.93852615,86.11111045,85.18518806
Cora,GraphSAGE,With Backdoor,80.84016442,84.22130942,4.629629478,0.9259259328
Cora,GraphSAGE,Without Backdoor,82.99180269,84.73360538,85.18518806,87.9629612