{
  "val_acc": 0.7839999794960022,
  "test_acc": 0.8029999732971191,
  "lp_auc_test": null,
  "fp_auc_test": 1.0,
  "mean_test_acc": null,
  "aruc": 1.0,
  "matcher_auc": null
}